SALE TYPE,SOLD DATE,PROPERTY TYPE,ADDRESS,CITY,STATE OR PROVINCE,ZIP OR POSTAL CODE,PRICE,BEDS,BATHS,LOCATION,SQUARE FEET,LOT SIZE,YEAR BUILT,DAYS ON MARKET,$/SQUARE FEET,HOA/MONTH,STATUS,NEXT OPEN HOUSE START TIME,NEXT OPEN HOUSE END TIME,URL (SEE http://www.redfin.com/buy-a-home/comparative-market-analysis FOR INFO ON PRICING),SOURCE,MLS#,FAVORITE,INTERESTED,LATITUDE,LONGITUDE
PAST SALE,April-5-2019,Single Family Residential,31 Romain St,San Francisco,CA,94114,2290000,3,3.0,Eureka Valley/Dolore,2155,2500,1906,20,1063,,Sold,,,http://www.redfin.com/CA/San-Francisco/31-Romain-St-94114/home/1316364,San Francisco MLS,480612,N,Y,37.7563136,-122.4395799
PAST SALE,February-4-2019,Single Family Residential,3220 Jennings St,San Francisco,CA,94124,849000,5,3.0,Bayview Heights,1464,2247,1915,80,580,,Sold,,,http://www.redfin.com/CA/San-Francisco/3220-Jennings-St-94124/home/1856008,San Francisco MLS,479331,N,Y,37.7199943,-122.3953455
PAST SALE,January-31-2019,Single Family Residential,545 Wilde,San Francisco,CA,94134,1130000,5,3.0,Visitacion Valley,2707,3750,1945,84,417,,Sold,,,http://www.redfin.com/CA/San-Francisco/545-Wilde-Ave-94134/home/1606551,San Francisco MLS,478893,N,Y,37.717913737311335,-122.40817065378782
PAST SALE,February-15-2019,Single Family Residential,1951 Webster St,San Francisco,CA,94115,3300000,3,3.5,Lower Pacific Height,,,,69,,,Sold,,,http://www.redfin.com/CA/San-Francisco/1951-Webster-St-94115/home/571675,San Francisco MLS,478882,N,Y,37.7888203,-122.4322807
PAST SALE,April-22-2019,Single Family Residential,930 Noe St,San Francisco,CA,94114,3600000,4,3.5,Noe Valley,2750,2500,1905,3,1309,,Sold,,,http://www.redfin.com/CA/San-Francisco/930-Noe-St-94114/home/715659,San Francisco MLS,482845,N,Y,37.7541524,-122.4323249
PAST SALE,March-7-2019,Single Family Residential,233 Dellbrook,San Francisco,CA,94131,1670000,4,2.0,Midtown Terrace,1818,3380,1956,49,919,18,Sold,,,http://www.redfin.com/CA/San-Francisco/233-Dellbrook-Ave-94131/home/680651,San Francisco MLS,479854,N,Y,37.749897,-122.4532922
PAST SALE,March-15-2019,Single Family Residential,1230 5th Ave,SAN FRANCISCO,CA,94122,2325000,4,2.0,SAN FRANCISCO,1932,3000,1908,41,1203,,Sold,,,http://www.redfin.com/CA/San-Francisco/1230-5th-Ave-94122/home/626847,MLSListings,ML81740897,N,Y,37.7656473,-122.46195
PAST SALE,March-1-2019,Single Family Residential,1 Marcela Ave,San Francisco,CA,94116,1900000,4,3.5,Forest Hill,3753,4726,1917,55,506,41,Sold,,,http://www.redfin.com/CA/San-Francisco/1-Marcela-Ave-94116/home/1211935,San Francisco MLS,481229,N,Y,37.7488505,-122.4607116
PAST SALE,March-29-2019,Single Family Residential,1362 7th Ave,San Francisco,CA,94122,3850000,5,6.5,Inner Sunset,3854,2996,,27,999,,Sold,,,http://www.redfin.com/CA/San-Francisco/1362-7th-Ave-94122/home/628764,San Francisco MLS,481425,N,Y,37.7629824,-122.4638959
PAST SALE,April-1-2019,Single Family Residential,289 San Marcos Ave,San Francisco,CA,94116,2450000,5,4.0,Forest Hill,4042,5248,1978,24,606,46,Sold,,,http://www.redfin.com/CA/San-Francisco/289-San-Marcos-Ave-94116/home/1938803,San Francisco MLS,481805,N,Y,37.7462846,-122.4669585
PAST SALE,April-12-2019,Single Family Residential,1471 10th Ave,San Francisco,CA,94122,2350000,3,2.5,Inner Sunset,2050,2996,1916,13,1146,,Sold,,,http://www.redfin.com/CA/San-Francisco/1471-10th-Ave-94122/home/1324771,San Francisco MLS,482325,N,Y,37.7608142,-122.4674008
PAST SALE,April-23-2019,Single Family Residential,18 Olympia Way,San Francisco,CA,94131,1510000,3,2.0,Midtown Terrace,1270,3571,1957,2,1189,,Sold,,,http://www.redfin.com/CA/San-Francisco/18-Olympia-Way-94131/home/1944004,San Francisco MLS,482523,N,Y,37.7513942,-122.4525403
PAST SALE,March-14-2019,Single Family Residential,655 Marina Blvd,San Francisco,CA,94123,4125000,5,4.0,Marina,3395,,1935,42,1215,,Sold,,,http://www.redfin.com/CA/San-Francisco/655-Marina-Blvd-94123/home/1515059,San Francisco MLS,474942,N,Y,37.8052813,-122.4446953
PAST SALE,April-23-2019,Single Family Residential,3001 Pacific Ave,San Francisco,CA,94115,15850000,8,6.5,Pacific Heights,13643,8106,1906,2,1162,,Sold,,,http://www.redfin.com/CA/San-Francisco/3001-Pacific-Ave-94115/home/587453,San Francisco MLS,466764,N,Y,37.7918514,-122.4447997
PAST SALE,February-19-2019,Single Family Residential,4348 21st St,San Francisco,CA,94114,1690000,3,2.0,Eureka Valley/Dolore,1450,2949,1925,65,1166,,Sold,,,http://www.redfin.com/CA/San-Francisco/4348-21st-St-94114/home/1819999,San Francisco MLS,480019,N,Y,37.7554673,-122.4396684
PAST SALE,March-21-2019,Single Family Residential,143 Collingwood St,San Francisco,CA,94114,3150000,4,4.0,Eureka Valley/Dolore,2895,3125,1929,35,1088,,Sold,,,http://www.redfin.com/CA/San-Francisco/143-Collingwood-St-94114/home/1921908,San Francisco MLS,481043,N,Y,37.760081,-122.435751
PAST SALE,March-22-2019,Single Family Residential,1134 Castro St,San Francisco,CA,94114,2550000,4,3.0,Noe Valley,2550,2495,1900,34,1000,,Sold,,,http://www.redfin.com/CA/San-Francisco/1134-Castro-St-94114/home/973134,San Francisco MLS,481747,N,Y,37.752373,-122.434504
PAST SALE,February-9-2019,Single Family Residential,1145 Vallejo St,San Francisco,CA,94109,2575000,4,3.5,Russian Hill,2026,1200,1907,75,1271,,Sold,,,http://www.redfin.com/CA/San-Francisco/1145-Vallejo-St-94109/home/1941450,San Francisco MLS,475775,N,Y,37.797478,-122.416127
PAST SALE,March-19-2019,Single Family Residential,2973 Pine St,San Francisco,CA,94115,4650000,5,3.5,Lower Pacific Height,3584,,,37,1297,,Sold,,,http://www.redfin.com/CA/San-Francisco/2973-Pine-St-94115/home/1419550,San Francisco MLS,482969,N,Y,37.7863851,-122.444667
PAST SALE,February-13-2019,Single Family Residential,844 Duncan St,San Francisco,CA,94131,4500000,4,4.5,Noe Valley,,2953,,71,,,Sold,,,http://www.redfin.com/CA/San-Francisco/844-Duncan-St-94131/home/1664574,San Francisco MLS,480269,N,Y,37.7455853,-122.4388721
PAST SALE,March-6-2019,Single Family Residential,822 Duncan,San Francisco,CA,94114,2595000,4,3.0,Noe Valley,2320,3040,1947,50,1119,,Sold,,,http://www.redfin.com/CA/San-Francisco/822-Duncan-St-94131/home/1982410,San Francisco MLS,480368,N,Y,37.7455824,-122.4385182
PAST SALE,March-29-2019,Single Family Residential,17 Newburg St,San Francisco,CA,94131,1965000,3,2.0,Noe Valley,,1920,1944,27,,,Sold,,,http://www.redfin.com/CA/San-Francisco/17-Newburg-St-94131/home/1856861,San Francisco MLS,481777,N,Y,37.7461676,-122.4338622
PAST SALE,April-5-2019,Single Family Residential,1328 Noe St,San Francisco,CA,94131,2700000,3,3.0,Noe Valley,1745,2237,1907,20,1547,,Sold,,,http://www.redfin.com/CA/San-Francisco/1328-Noe-St-94131/home/805198,San Francisco MLS,482004,N,Y,37.747713,-122.431712
PAST SALE,January-28-2019,Single Family Residential,87 Melrose Ave,San Francisco,CA,94131,1590000,4,3.0,San Francisco County,2467,2496,1941,87,645,,Sold,,,http://www.redfin.com/CA/San-Francisco/87-Melrose-Ave-94131/home/1814008,BAREIS,21822629,N,Y,37.7336548,-122.4440034
PAST SALE,February-28-2019,Single Family Residential,297 Capistrano Ave,San Francisco,CA,94112,1180000,3,2.0,Mission Terrace,1490,3898,1925,56,792,,Sold,,,http://www.redfin.com/CA/San-Francisco/297-Capistrano-Ave-94112/home/1387234,San Francisco MLS,477925,N,Y,37.7266199,-122.437838
PAST SALE,March-5-2019,Single Family Residential,2301 Diamond St,San Francisco,CA,94131,2000000,4,3.5,Glen Park,3540,2549,2001,51,565,,Sold,,,http://www.redfin.com/CA/San-Francisco/2301-Diamond-St-94131/home/856118,San Francisco MLS,480267,N,Y,37.7381983,-122.4371027
PAST SALE,April-5-2019,Single Family Residential,201 Berkeley Way,San Francisco,CA,94131,2100000,3,2.5,Diamond Heights,1904,3898,1975,20,1103,,Sold,,,http://www.redfin.com/CA/San-Francisco/201-Berkeley-Way-94131/home/1186707,San Francisco MLS,481814,N,Y,37.7402018,-122.4396684
PAST SALE,February-26-2019,Single Family Residential,63 Park Hill Ave,San Francisco,CA,94117,4085000,4,3.5,Buena Vista Park,2716,5519,1953,58,1504,,Sold,,,http://www.redfin.com/CA/San-Francisco/63-Park-Hill-Ave-94117/home/992836,San Francisco MLS,480849,N,Y,37.7671643,-122.4389164
PAST SALE,March-22-2019,Single Family Residential,4388 17th St,San Francisco,CA,94114,2700000,3,2.5,Corona Heights,2331,2186,1925,34,1158,,Sold,,,http://www.redfin.com/CA/San-Francisco/4388-17th-St-94114/home/669547,San Francisco MLS,481608,N,Y,37.7621052,-122.4429707
PAST SALE,March-6-2019,Single Family Residential,526 Chenery St,San Francisco,CA,94131,1700000,3,2.0,Glen Park,1258,2500,1922,50,1351,,Sold,,,http://www.redfin.com/CA/San-Francisco/526-Chenery-St-94131/home/1760565,San Francisco MLS,480752,N,Y,37.7353092,-122.4309977
PAST SALE,March-13-2019,Single Family Residential,38 Surrey St,San Francisco,CA,94131,3225000,4,3.5,Glen Park,3492,2025,2010,43,924,,Sold,,,http://www.redfin.com/CA/San-Francisco/38-Surrey-St-94131/home/35626672,San Francisco MLS,481049,N,Y,37.735504,-122.4331566
PAST SALE,April-12-2019,Single Family Residential,5544 Diamond Heights Blvd,San Francisco,CA,94131,1495000,3,2.0,Diamond Heights,1776,2752,1968,13,842,,Sold,,,http://www.redfin.com/CA/San-Francisco/5544-Diamond-Heights-Blvd-94131/home/1880699,San Francisco MLS,480084,N,Y,37.7391018,-122.4367377
PAST SALE,March-26-2019,Single Family Residential,4121 23rd St,San Francisco,CA,94114,2813000,4,2.5,Noe Valley,,1600,1912,30,,,Sold,,,http://www.redfin.com/CA/San-Francisco/4121-23rd-St-94114/home/1590331,San Francisco MLS,483171,N,Y,37.7527483,-122.4346665
PAST SALE,March-12-2019,Single Family Residential,1717 Revere Ave,San Francisco,CA,94124,1430000,4,3.0,Bayview,2900,2469,1900,44,493,,Sold,,,http://www.redfin.com/CA/San-Francisco/1717-Revere-Ave-94124/home/1335955,San Francisco MLS,479043,N,Y,37.7326531,-122.3923693
PAST SALE,January-31-2019,Single Family Residential,236 Holladay Ave,San Francisco,CA,94110,1400000,3,2.0,Bernal Heights,1050,1746,1965,84,1333,,Sold,,,http://www.redfin.com/CA/San-Francisco/236-Holladay-Ave-94110/home/1971467,San Francisco MLS,479462,N,Y,37.7458678,-122.4055236
PAST SALE,April-5-2019,Single Family Residential,365 Clipper St,San Francisco,CA,94114,2225000,4,2.0,Noe Valley,1755,2561,1889,20,1268,,Sold,,,http://www.redfin.com/CA/San-Francisco/365-Clipper-St-94114/home/1504149,San Francisco MLS,481613,N,Y,37.7487593,-122.4330328
PAST SALE,March-18-2019,Single Family Residential,1953 Webster St,San Francisco,CA,94115,3300000,3,3.5,Lower Pacific Height,,1423,,38,,,Sold,,,http://www.redfin.com/CA/San-Francisco/1953-Webster-St-94115/home/571667,San Francisco MLS,480622,N,Y,37.7888465,-122.432379
PAST SALE,February-11-2019,Single Family Residential,94 Stanton St,San Francisco,CA,94114,1550000,3,2.0,Eureka Valley/Dolore,1300,1572,1952,73,1192,,Sold,,,http://www.redfin.com/CA/San-Francisco/94-Stanton-St-94114/home/1360827,San Francisco MLS,479900,N,Y,37.756912,-122.442228
PAST SALE,March-21-2019,Single Family Residential,923 Edinburgh St,San Francisco,CA,94112,1800000,4,4.5,Excelsior,2319,2511,1921,35,776,,Sold,,,http://www.redfin.com/CA/San-Francisco/923-Edinburgh-St-94112/home/790314,San Francisco MLS,481133,N,Y,37.7152933,-122.4361626
PAST SALE,April-5-2019,Single Family Residential,369 Cumberland St,San Francisco,CA,94114,7400000,5,4.5,Eureka Valley/Dolore,3560,2848,,20,2079,,Sold,,,http://www.redfin.com/CA/San-Francisco/369-Cumberland-St-94114/home/1800752,San Francisco MLS,483237,N,Y,37.758466,-122.4318272
PAST SALE,February-26-2019,Single Family Residential,108 Villa Ter,San Francisco,CA,94114,2870000,4,3.5,Clarendon Heights,3134,3746,1938,58,916,,Sold,,,http://www.redfin.com/CA/San-Francisco/108-Villa-Ter-94114/home/1280595,San Francisco MLS,480176,N,Y,37.7582778,-122.4467459
PAST SALE,February-22-2019,Single Family Residential,1224 Quesada Ave,San Francisco,CA,94124,1000000,3,2.0,Bayview,1250,2495,1941,62,800,,Sold,,,http://www.redfin.com/CA/San-Francisco/1224-Quesada-Ave-94124/home/965824,San Francisco MLS,479741,N,Y,37.7284691,-122.3824555
PAST SALE,February-28-2019,Single Family Residential,1754 La Salle,San Francisco,CA,94124,1225000,5,3.0,Bayview,1770,2500,1955,56,692,,Sold,,,http://www.redfin.com/CA/San-Francisco/1754-La-Salle-Ave-94124/home/144231048,San Francisco MLS,479830,N,Y,37.7382917,-122.3914534
PAST SALE,,Single Family Residential,58 Apollo St,San Francisco,CA,94124,,3,2.0,,1612,2587,1941,,,,Sold,,,http://www.redfin.com/CA/San-Francisco/58-Apollo-St-94124/home/1862336,San Francisco MLS,,N,Y,37.7321571,-122.3981999
PAST SALE,February-27-2019,Single Family Residential,1205 San Bruno Ave,San Francisco,CA,94110,2168000,4,4.0,Inner Mission,2259,2495,1900,57,960,,Sold,,,http://www.redfin.com/CA/San-Francisco/1205-San-Bruno-Ave-94110/home/896813,San Francisco MLS,480287,N,Y,37.7542393,-122.404185
PAST SALE,March-22-2019,Single Family Residential,1152 De Haro St,San Francisco,CA,94107,1780000,3,3.0,Potrero Hill,1871,2500,1962,34,951,,Sold,,,http://www.redfin.com/CA/San-Francisco/1152-De-Haro-St-94107/home/734422,San Francisco MLS,480910,N,Y,37.7553063,-122.4009546
PAST SALE,March-6-2019,Single Family Residential,326 Capp St,San Francisco,CA,94110,3600000,4,3.0,Inner Mission,3847,3675,1900,50,936,,Sold,,,http://www.redfin.com/CA/San-Francisco/326-Capp-St-94110/home/906098,San Francisco MLS,481035,N,Y,37.7614267,-122.4184771
PAST SALE,April-11-2019,Single Family Residential,12 Esquina Dr,San Francisco,CA,94134,995000,4,2.0,Visitacion Valley,1581,1999,1945,14,629,,Sold,,,http://www.redfin.com/CA/San-Francisco/12-Esquina-Dr-94134/home/1856759,San Francisco MLS,481968,N,Y,37.7099352,-122.4212977
PAST SALE,March-1-2019,Single Family Residential,910 Mansell St,San Francisco,CA,94134,1550000,3,2.5,Portola,1715,2500,1963,55,904,,Sold,,,http://www.redfin.com/CA/San-Francisco/910-Mansell-St-94134/home/1371602,San Francisco MLS,480174,N,Y,37.7193646,-122.4104353
PAST SALE,February-5-2019,Single Family Residential,1350 Hayes St,San Francisco,CA,94117,1600000,3,2.0,North Panhandle,2317,3436,1888,79,691,,Sold,,,http://www.redfin.com/CA/San-Francisco/1350-Hayes-St-94117/home/596135,San Francisco MLS,479740,N,Y,37.7750997,-122.438651
PAST SALE,March-4-2019,Single Family Residential,3050 Pierce St,San Francisco,CA,94123,1900000,3,2.0,Cow Hollow,1445,1118,1900,52,1315,,Sold,,,http://www.redfin.com/CA/San-Francisco/3050-Pierce-St-94123/home/562414,San Francisco MLS,480648,N,Y,37.7982753,-122.4389495
PAST SALE,April-22-2019,Single Family Residential,341 Avila St,San Francisco,CA,94123,3000000,5,3.0,Marina,3262,3018,1924,3,920,,Sold,,,http://www.redfin.com/CA/San-Francisco/341-Avila-St-94123/home/1506887,San Francisco MLS,479908,N,Y,37.8044611,-122.4413051
PAST SALE,February-1-2019,Single Family Residential,1910 45th Ave,San Francisco,CA,94116,1250000,4,2.0,Outer Parkside,1837,1750,1946,83,680,,Sold,,,http://www.redfin.com/CA/San-Francisco/1910-45th-Ave-94116/home/1164129,San Francisco MLS,479600,N,Y,37.7508827,-122.503968
PAST SALE,February-8-2019,Single Family Residential,2211 44th Ave,SAN FRANCISCO,CA,94116,1752211,4,2.0,SAN FRANCISCO,1867,2622,1928,76,939,,Sold,,,http://www.redfin.com/CA/San-Francisco/2211-44th-Ave-94116/home/655039,MLSListings,ML81733099,N,Y,37.7453533,-122.5029512
PAST SALE,February-8-2019,Single Family Residential,1446 38th Ave,San Francisco,CA,94122,1810000,4,3.5,Outer Sunset,2396,2750,1935,76,755,,Sold,,,http://www.redfin.com/CA/San-Francisco/1446-38th-Ave-94122/home/1119341,San Francisco MLS,479492,N,Y,37.7599137,-122.497038
PAST SALE,February-9-2019,Single Family Residential,3042 Noriega St,San Francisco,CA,94122,1625000,4,4.0,Outer Sunset,2020,2325,1947,75,804,,Sold,,,http://www.redfin.com/CA/San-Francisco/3042-Noriega-St-94122/home/963648,San Francisco MLS,479765,N,Y,37.7535454,-122.4965406
PAST SALE,February-28-2019,Single Family Residential,1700 Great Hwy,San Francisco,CA,94122,1605000,3,2.0,Outer Sunset,1393,,,56,1152,,Sold,,,http://www.redfin.com/CA/San-Francisco/1700-Great-Hwy-94122/home/1975468,San Francisco MLS,480472,N,Y,37.754558,-122.508442
PAST SALE,March-27-2019,Single Family Residential,2214 43rd Ave,San Francisco,CA,94116,1380000,3,2.0,Outer Parkside,1402,1750,1947,29,984,,Sold,,,http://www.redfin.com/CA/San-Francisco/2214-43rd-Ave-94116/home/1428524,San Francisco MLS,481525,N,Y,37.7453095,-122.5014038
PAST SALE,April-9-2019,Single Family Residential,2924 Rivera St,SAN FRANCISCO,CA,94116,1400000,3,2.0,SAN FRANCISCO,1409,2500,1947,16,994,,Sold,,,http://www.redfin.com/CA/San-Francisco/2924-Rivera-St-94116/home/652243,MLSListings,ML81741768,N,Y,37.74606,-122.497892
PAST SALE,April-22-2019,Single Family Residential,1200 48th Ave,San Francisco,CA,94122,1241000,3,2.0,Outer Sunset,1250,1438,1943,3,993,,Sold,,,http://www.redfin.com/CA/San-Francisco/1200-48th-Ave-94122/home/1877870,San Francisco MLS,482471,N,Y,37.7639312,-122.5081582
PAST SALE,March-27-2019,Single Family Residential,3627 21st St,San Francisco,CA,94114,4500000,3,3.0,Eureka Valley/Dolore,,2850,,29,,,Sold,,,http://www.redfin.com/CA/San-Francisco/3627-21st-St-94114/home/715275,San Francisco MLS,481791,N,Y,37.7562054,-122.4285989
PAST SALE,February-15-2019,Single Family Residential,965 Natoma St,San Francisco,CA,94103,2148350,3,2.5,South of Market,2924,1875,1906,69,735,,Sold,,,http://www.redfin.com/CA/San-Francisco/965-Natoma-St-94103/home/1855207,San Francisco MLS,481085,N,Y,37.7737537,-122.4155569
PAST SALE,March-22-2019,Single Family Residential,,San Francisco,CA,94118,5950000,5,3.5,Lake,,,,34,,,Sold,,,http://www.redfin.com/CA/San-Francisco/Undisclosed-address-94118/home/1237205,San Francisco MLS,480366,N,Y,37.7885455,-122.463509
PAST SALE,April-8-2019,Single Family Residential,65 Stanyan St,San Francisco,CA,94118,2175000,4,2.5,Lone Mountain,2415,2670,1937,17,901,,Sold,,,http://www.redfin.com/CA/San-Francisco/65-Stanyan-St-94118/home/1199543,San Francisco MLS,481417,N,Y,37.780379,-122.456408
PAST SALE,April-9-2019,Single Family Residential,31-33 Beaumont Ave,San Francisco,CA,94118,2350000,3,2.5,Lone Mountain,3375,2500,1996,16,696,,Sold,,,http://www.redfin.com/CA/San-Francisco/31-Beaumont-Ave-94118/home/2033312,San Francisco MLS,477472,N,Y,37.7808704,-122.4554624
PAST SALE,January-28-2019,Single Family Residential,1116 Greenwich St,San Francisco,CA,94109,2650000,3,3.0,Russian Hill,,2866,1941,87,,,Sold,,,http://www.redfin.com/CA/San-Francisco/1116-Greenwich-St-94109/home/539654,San Francisco MLS,471015,N,Y,37.8014467,-122.4182117
PAST SALE,February-13-2019,Single Family Residential,584 Dewey Blvd,San Francisco,CA,94116,2400000,5,6.5,Forest Hill,3664,3833,1923,71,655,37,Sold,,,http://www.redfin.com/CA/San-Francisco/584-Dewey-Blvd-94116/home/1526004,San Francisco MLS,480428,N,Y,37.7442062,-122.4635532
PAST SALE,March-22-2019,Single Family Residential,263 Arch St,San Francisco,CA,94132,1200000,3,2.0,Ingleside Heights,1465,2495,1940,34,819,,Sold,,,http://www.redfin.com/CA/San-Francisco/263-Arch-St-94132/home/827793,San Francisco MLS,480215,N,Y,37.7154572,-122.4673123
PAST SALE,April-17-2019,Single Family Residential,66 Granada,San Francisco,CA,94112,1160000,3,2.0,Ingleside,1100,2813,1922,8,1055,,Sold,,,http://www.redfin.com/CA/San-Francisco/66-Granada-Ave-94112/home/996902,San Francisco MLS,481897,N,Y,37.719433,-122.456908
PAST SALE,April-10-2019,Single Family Residential,860 De Haro St,SAN FRANCISCO,CA,94107,3150000,3,4.0,SAN FRANCISCO,2323,2500,1984,15,1356,,Sold,,,http://www.redfin.com/CA/San-Francisco/860-De-Haro-St-94107/home/1121615,MLSListings,ML81728277,N,Y,37.7588646,-122.4013418
PAST SALE,February-15-2019,Single Family Residential,647 Teresita Blvd,San Francisco,CA,94127,1385000,4,2.0,Miraloma Park,2337,3920,1961,69,593,,Sold,,,http://www.redfin.com/CA/San-Francisco/647-Teresita-Blvd-94127/home/1421704,San Francisco MLS,475557,N,Y,37.7365671,-122.4455516
PAST SALE,February-22-2019,Single Family Residential,397 Mangels Ave,San Francisco,CA,94127,1375000,5,2.0,San Francisco County,1678,,1961,62,819,,Sold,,,http://www.redfin.com/CA/San-Francisco/397-Mangels-Ave-94127/home/691128,BAREIS,21900878,N,Y,37.7329771,-122.446569
PAST SALE,February-25-2019,Single Family Residential,143 Detroit St,San Francisco,CA,94131,1450000,3,2.0,Sunnyside,1400,1873,1925,59,1036,,Sold,,,http://www.redfin.com/CA/San-Francisco/143-Detroit-St-94131/home/697726,San Francisco MLS,480420,N,Y,37.728892,-122.444518
PAST SALE,February-28-2019,Single Family Residential,136 Marietta Dr,San Francisco,CA,94127,1520000,3,2.0,Miraloma Park,1326,2644,1943,56,1146,,Sold,,,http://www.redfin.com/CA/San-Francisco/136-Marietta-Dr-94127/home/983044,San Francisco MLS,480066,N,Y,37.740571,-122.448051
PAST SALE,February-21-2019,Single Family Residential,240 Upland Dr,San Francisco,CA,94127,2200000,4,3.0,Mount Davidson Manor,2782,3341,1930,63,791,,Sold,,,http://www.redfin.com/CA/San-Francisco/240-Upland-Dr-94127/home/1820405,San Francisco MLS,479902,N,Y,37.729712,-122.4639512
PAST SALE,March-1-2019,Single Family Residential,68 Burlwood Dr,San Francisco,CA,94127,1650000,3,3.5,Westwood Highlands,2259,5471,1947,55,730,,Sold,,,http://www.redfin.com/CA/San-Francisco/68-Burlwood-Dr-94127/home/1361218,San Francisco MLS,480488,N,Y,37.7346073,-122.4537345
PAST SALE,March-13-2019,Single Family Residential,240 Juanita Way,San Francisco,CA,94127,1708000,3,2.0,Miraloma Park,2450,,1927,43,697,,Sold,,,http://www.redfin.com/CA/San-Francisco/240-Juanita-Way-94127/home/685683,San Francisco MLS,476368,N,Y,37.7407696,-122.4566979
PAST SALE,March-15-2019,Single Family Residential,80 Stanford Heights Ave,San Francisco,CA,94127,1605000,3,2.5,Miraloma Park,1921,3084,1964,41,836,,Sold,,,http://www.redfin.com/CA/San-Francisco/80-Stanford-Heights-Ave-94127/home/690277,San Francisco MLS,481209,N,Y,37.7353857,-122.4497537
PAST SALE,March-29-2019,Single Family Residential,118 Santa Clara Ave,San Francisco,CA,94127,2950000,4,4.5,St. Francis Wood,3602,4987,1922,27,819,184,Sold,,,http://www.redfin.com/CA/San-Francisco/118-Santa-Clara-Ave-94127/home/1900606,San Francisco MLS,480745,N,Y,37.7371989,-122.4661183
PAST SALE,March-29-2019,Single Family Residential,9 Burlwood Dr,San Francisco,CA,94127,2280000,4,3.0,Westwood Highlands,2377,4085,1979,27,959,,Sold,,,http://www.redfin.com/CA/San-Francisco/9-Burlwood-Dr-94127/home/687794,San Francisco MLS,481548,N,Y,37.7350008,-122.4552384
PAST SALE,April-8-2019,Single Family Residential,31 Rosewood Dr,San Francisco,CA,94127,3120000,5,4.0,Monterey Heights,3407,4011,1927,17,916,2,Sold,,,http://www.redfin.com/CA/San-Francisco/31-Rosewood-Dr-94127/home/1750688,San Francisco MLS,480571,N,Y,37.7343759,-122.4604131
PAST SALE,April-12-2019,Single Family Residential,113 Knockash Hl,San Francisco,CA,94127,2440000,5,4.5,Forest Hill Extension,3569,2624,1995,13,684,290,Sold,,,http://www.redfin.com/CA/San-Francisco/113-Knockash-Hl-94127/home/681834,San Francisco MLS,482899,N,Y,37.741980436,-122.4584197
PAST SALE,April-12-2019,Single Family Residential,145 Manor Dr,San Francisco,CA,94127,1450000,3,2.0,Mount Davidson Manor,1612,2827,1928,13,900,,Sold,,,http://www.redfin.com/CA/San-Francisco/145-Manor-Dr-94127/home/2027456,San Francisco MLS,481542,N,Y,37.7287947,-122.463907
PAST SALE,April-1-2019,Single Family Residential,444 29th St,San Francisco,CA,94131,1785000,3,2.0,Noe Valley,1571,2848,1571,24,1136,,Sold,,,http://www.redfin.com/CA/San-Francisco/444-29th-St-94131/home/898482,San Francisco MLS,480496,N,Y,37.743665,-122.4300134
PAST SALE,April-15-2019,Single Family Residential,455 28th St,San Francisco,CA,94131,1652000,3,2.0,Noe Valley,1682,2848,1941,10,982,,Sold,,,http://www.redfin.com/CA/San-Francisco/455-28th-St-94131/home/806595,San Francisco MLS,481536,N,Y,37.7447894,-122.4325019
PAST SALE,February-1-2019,Single Family Residential,766 Vienna St,San Francisco,CA,94112,1205000,4,2.0,Excelsior,,2500,1926,83,,,Sold,,,http://www.redfin.com/CA/San-Francisco/766-Vienna-St-94112/home/1829255,San Francisco MLS,479340,N,Y,37.7164209,-122.4337074
PAST SALE,April-2-2019,Single Family Residential,2832 Sacramento,San Francisco,CA,94115,5500000,4,3.5,Pacific Heights,3200,3100,1885,23,1719,,Sold,,,http://www.redfin.com/CA/San-Francisco/2832-Sacramento-St-94115/home/1475944,San Francisco MLS,482392,N,Y,37.789391,-122.439619
PAST SALE,April-1-2019,Single Family Residential,1730 Pacheco St,San Francisco,CA,94116,1747000,3,3.0,Parkside,1806,2495,,24,967,,Sold,,,http://www.redfin.com/CA/San-Francisco/1730-Pacheco-St-94116/home/647793,San Francisco MLS,480970,N,Y,37.7506194,-122.4789869
PAST SALE,March-13-2019,Single Family Residential,1470 32nd Ave,San Francisco,CA,94122,1970000,4,2.0,Central Sunset,1730,2996,1939,43,1139,,Sold,,,http://www.redfin.com/CA/San-Francisco/1470-32nd-Ave-94122/home/1749469,San Francisco MLS,481360,N,Y,37.7597898,-122.4905608
PAST SALE,February-6-2019,Single Family Residential,80 Alviso St,San Francisco,CA,94127,2200000,4,3.0,Ingleside Terr,2126,5658,1937,78,1035,,Sold,,,http://www.redfin.com/CA/San-Francisco/80-Alviso-St-94127/home/815181,Bridge MLS,40842816,N,Y,37.7231907,-122.4686833
PAST SALE,February-15-2019,Single Family Residential,41 Regent St,San Francisco,CA,94112,980000,4,3.0,Outer Mission,1655,2500,1916,69,592,,Sold,,,http://www.redfin.com/CA/San-Francisco/41-Regent-St-94112/home/1560390,San Francisco MLS,479162,N,Y,37.7093969,-122.4563883
PAST SALE,March-5-2019,Single Family Residential,12 Brumiss Ter,San Francisco,CA,94014,1155000,4,3.0,Crocker Amazon,2068,2099,1927,51,559,,Sold,,,http://www.redfin.com/CA/San-Francisco/12-Brumiss-Ter-94112/home/1056038,San Francisco MLS,478684,N,Y,37.7085383,-122.4519682
PAST SALE,March-27-2019,Single Family Residential,785 Lakeview Ave,San Francisco,CA,94112,1574801,3,2.0,Ingleside,1730,2495,1957,29,910,,Sold,,,http://www.redfin.com/CA/San-Francisco/785-Lakeview-Ave-94112/home/1704879,San Francisco MLS,481164,N,Y,37.7181067,-122.4620937
PAST SALE,April-4-2019,Single Family Residential,359 Byxbee St,San Francisco,CA,94132,1575000,3,2.0,Merced Heights,1600,2495,1939,21,984,,Sold,,,http://www.redfin.com/CA/San-Francisco/359-Byxbee-St-94132/home/822194,San Francisco MLS,479720,N,Y,37.7208049,-122.4701427
PAST SALE,April-2-2019,Single Family Residential,189 Margaret Ave,San Francisco,CA,94112,1151000,3,2.0,Ingleside,1587,2495,1950,23,725,,Sold,,,http://www.redfin.com/CA/San-Francisco/189-Margaret-Ave-94112/home/2028222,San Francisco MLS,481435,N,Y,37.7161744,-122.4534581
PAST SALE,April-15-2019,Single Family Residential,45 Lobos St,San Francisco,CA,94112,960000,3,2.0,Oceanview,1419,3125,1911,10,677,,Sold,,,http://www.redfin.com/CA/San-Francisco/45-Lobos-St-94112/home/826898,San Francisco MLS,482352,N,Y,37.7147755,-122.4537677
PAST SALE,April-10-2019,Single Family Residential,3019 Broderick St,San Francisco,CA,94123,2209500,3,2.0,Cow Hollow,,1934,1938,15,,,Sold,,,http://www.redfin.com/CA/San-Francisco/3019-Broderick-St-94123/home/1984313,San Francisco MLS,480023,N,Y,37.7981935,-122.4444126
PAST SALE,March-8-2019,Single Family Residential,2519 Broadway St,San Francisco,CA,94115,5500000,4,3.5,Pacific Heights,,3584,1937,48,,,Sold,,,http://www.redfin.com/CA/San-Francisco/2519-Broadway-94115/home/564105,San Francisco MLS,480552,N,Y,37.793499,-122.4394472
PAST SALE,March-28-2019,Single Family Residential,2720 Pierce St,San Francisco,CA,94123,6500000,5,4.5,Pacific Heights,4380,4935,1907,28,1484,,Sold,,,http://www.redfin.com/CA/San-Francisco/2720-Pierce-St-94123/home/940918,San Francisco MLS,481881,N,Y,37.7951679,-122.438193
PAST SALE,March-22-2019,Single Family Residential,318 Raymond Ave,San Francisco,CA,94134,1201800,5,4.0,Visitacion Valley,2445,2495,1963,34,492,,Sold,,,http://www.redfin.com/CA/San-Francisco/318-Raymond-Ave-94134/home/1792807,San Francisco MLS,480599,N,Y,37.714103,-122.4095835
PAST SALE,January-30-2019,Single Family Residential,674 15th Ave,San Francisco,CA,94118,1775000,3,2.0,Central Richmond,1700,3184,1917,85,1044,,Sold,,,http://www.redfin.com/CA/San-Francisco/674-15th-Ave-94118/home/1839558,San Francisco MLS,480888,N,Y,37.7754236,-122.4733709
PAST SALE,February-7-2019,Single Family Residential,1851 18th Ave,San Francisco,CA,94122,1675000,3,2.0,Inner Sunset,1395,2996,1958,77,1201,,Sold,,,http://www.redfin.com/CA/San-Francisco/1851-18th-Ave-94122/home/642142,San Francisco MLS,479895,N,Y,37.7533163,-122.4756704
PAST SALE,March-6-2019,Single Family Residential,701 Quintara St,SAN FRANCISCO,CA,94116,1900000,4,4.5,SAN FRANCISCO,1818,1603,1940,50,1045,,Sold,,,http://www.redfin.com/CA/San-Francisco/701-Quintara-St-94116/home/1101521,MLSListings,ML81739019,N,Y,37.7486484,-122.4730614
PAST SALE,February-22-2019,Single Family Residential,834 41st Ave,San Francisco,CA,94121,1425000,3,2.0,Outer Richmond,1515,3000,1925,62,941,,Sold,,,http://www.redfin.com/CA/San-Francisco/834-41st-Ave-94121/home/1444910,San Francisco MLS,480315,N,Y,37.7729755,-122.5011938
PAST SALE,March-21-2019,Single Family Residential,34 25th Ave,San Francisco,CA,94121,6250000,5,5.5,Sea Cliff,5725,10254,1914,35,1092,,Sold,,,http://www.redfin.com/CA/San-Francisco/34-25th-Ave-94121/home/605927,San Francisco MLS,480295,N,Y,37.788517,-122.484256
PAST SALE,March-22-2019,Single Family Residential,6529 California St,San Francisco,CA,94121,2150000,3,2.5,Sea Cliff,1920,2495,1907,34,1120,,Sold,,,http://www.redfin.com/CA/San-Francisco/6529-California-St-94121/home/1984574,San Francisco MLS,480572,N,Y,37.7835599,-122.4878636
PAST SALE,April-12-2019,Single Family Residential,466 26th Ave,San Francisco,CA,94121,2050000,5,2.0,Central Richmond,2235,,,13,917,,Sold,,,http://www.redfin.com/CA/San-Francisco/466-26th-Ave-94121/home/608409,San Francisco MLS,482416,N,Y,37.7807395,-122.4856086
PAST SALE,March-18-2019,Single Family Residential,345 Holly Park Cir,SAN FRANCISCO,CA,94110,1450000,3,2.0,SAN FRANCISCO,1400,1598,1923,38,1036,,Sold,,,http://www.redfin.com/CA/San-Francisco/345-Holly-Park-Cir-94110/home/1815122,MLSListings,ML81740606,N,Y,37.736557,-122.4189749
PAST SALE,March-22-2019,Single Family Residential,821 Moultrie St,San Francisco,CA,94110,1790000,4,3.0,Bernal Heights,1793,1751,,34,998,,Sold,,,http://www.redfin.com/CA/San-Francisco/821-Moultrie-St-94110/home/937106,San Francisco MLS,480165,N,Y,37.734475,-122.4160547
PAST SALE,March-18-2019,Single Family Residential,160 Anderson St,SAN FRANCISCO,CA,94110,2300000,4,3.0,SAN FRANCISCO,2666,1750,1981,38,863,,Sold,,,http://www.redfin.com/CA/San-Francisco/160-Anderson-St-94110/home/1912109,MLSListings,ML81739943,N,Y,37.7408075,-122.4153246
PAST SALE,April-8-2019,Single Family Residential,75 Gates St,San Francisco,CA,94110,1600000,3,2.0,Bernal Heights,,1750,1947,17,,,Sold,,,http://www.redfin.com/CA/San-Francisco/75-Gates-St-94110/home/1751997,San Francisco MLS,481925,N,Y,37.7419046,-122.4136751
PAST SALE,February-6-2019,Single Family Residential,44 Lagunitas,San Francisco,CA,94132,1825000,3,2.5,Lakeside,2325,5667,1938,78,785,,Sold,,,http://www.redfin.com/CA/San-Francisco/44-Lagunitas-Dr-94132/home/1057065,San Francisco MLS,479728,N,Y,37.7332634,-122.4729729
PAST SALE,February-22-2019,Single Family Residential,2643 20th Ave,San Francisco,CA,94116,2030000,4,4.0,Parkside,2119,2996,1926,62,958,,Sold,,,http://www.redfin.com/CA/San-Francisco/2643-20th-Ave-94116/home/1532315,San Francisco MLS,480227,N,Y,37.7384405,-122.4767428
PAST SALE,April-3-2019,Single Family Residential,2566 33rd Ave,San Francisco,CA,94116,1260000,3,2.0,Parkside,1465,2996,1949,22,860,,Sold,,,http://www.redfin.com/CA/San-Francisco/2566-33rd-Ave-94116/home/1315980,San Francisco MLS,483391,N,Y,37.7392946,-122.4902844
PAST SALE,April-12-2019,Single Family Residential,2983 26th Ave,San Francisco,CA,94132,2615000,4,4.5,Merced Manor,2732,4399,1935,13,957,,Sold,,,http://www.redfin.com/CA/San-Francisco/2983-26th-Ave-94132/home/1728997,San Francisco MLS,482465,N,Y,37.7328498,-122.4821707
PAST SALE,February-21-2019,Single Family Residential,148 Alhambra St,San Francisco,CA,94123,2825000,3,3.5,Marina,2638,3400,1925,63,1071,,Sold,,,http://www.redfin.com/CA/San-Francisco/148-Alhambra-St-94123/home/558171,San Francisco MLS,479713,N,Y,37.8021742,-122.4389607
PAST SALE,April-12-2019,Single Family Residential,156 Midcrest Way,SAN FRANCISCO,CA,94131,1710000,3,2.0,SAN FRANCISCO,1512,3785,1954,13,1131,,Sold,,,http://www.redfin.com/CA/San-Francisco/156-Midcrest-Way-94131/home/1766581,MLSListings,ML81742582,N,Y,37.74933,-122.448237
PAST SALE,April-12-2019,Single Family Residential,100 Woodside Ave,San Francisco,CA,94127,1540000,3,2.5,Forest Hill Extension,1635,3885,,13,942,,Sold,,,http://www.redfin.com/CA/San-Francisco/100-Woodside-Ave-94127/home/1239089,San Francisco MLS,482299,N,Y,37.746495,-122.4569965
PAST SALE,April-12-2019,Single Family Residential,273 Magellan Ave,San Francisco,CA,94116,4200888,4,5.0,Forest Hill,4000,4180,2014,13,1050,,Sold,,,http://www.redfin.com/CA/San-Francisco/273-Magellan-Ave-94116/home/40628993,San Francisco MLS,482590,N,Y,37.7466341,-122.460988
PAST SALE,March-6-2019,Single Family Residential,1701 Gough St,San Francisco,CA,94109,3575000,4,2.5,Lower Pacific Height,3253,,1900,50,1099,,Sold,,,http://www.redfin.com/CA/San-Francisco/1701-Gough-St-94109/home/881529,San Francisco MLS,475199,N,Y,37.7890956,-122.4258216
PAST SALE,April-8-2019,Single Family Residential,221 Benton Ave,San Francisco,CA,94112,2750000,4,4.0,Bernal Heights,2400,3371,1927,17,1146,,Sold,,,http://www.redfin.com/CA/San-Francisco/221-Benton-Ave-94112/home/766828,San Francisco MLS,481724,N,Y,37.7331633,-122.4230785
PAST SALE,March-27-2019,Single Family Residential,148 Faith St,San Francisco,CA,94110,1625000,3,3.0,Bernal Heights,2083,1750,1998,29,780,,Sold,,,http://www.redfin.com/CA/San-Francisco/148-Faith-St-94110/unit-V/home/1293374,San Francisco MLS,481172,N,Y,37.7444357,-122.4068511
PAST SALE,April-10-2019,Single Family Residential,331 Vicente St,San Francisco,CA,94127,2900000,3,3.0,West Portal,2400,3014,1929,15,1208,,Sold,,,http://www.redfin.com/CA/San-Francisco/331-Vicente-St-94127/home/1334271,San Francisco MLS,482466,N,Y,37.739294,-122.470559
PAST SALE,March-12-2019,Single Family Residential,2730 44th Ave,San Francisco,CA,94116,1725000,4,3.5,Outer Parkside,,2996,1951,44,,,Sold,,,http://www.redfin.com/CA/San-Francisco/2730-44th-Ave-94116/home/1847987,San Francisco MLS,480897,N,Y,37.7358177,-122.5018601
PAST SALE,March-29-2019,Single Family Residential,2701 41st Ave,San Francisco,CA,94116,1900000,6,4.0,Outer Parkside,2613,1746,1947,27,727,,Sold,,,http://www.redfin.com/CA/San-Francisco/2701-41st-Ave-94116/home/1620806,San Francisco MLS,480102,N,Y,37.7362773,-122.4991331
PAST SALE,April-9-2019,Single Family Residential,2434 42nd Ave,San Francisco,CA,94116,1900000,4,4.0,Outer Parkside,2139,2996,1953,16,888,,Sold,,,http://www.redfin.com/CA/San-Francisco/2434-42nd-Ave-94116/home/1867426,San Francisco MLS,481395,N,Y,37.7412854,-122.5000002
PAST SALE,April-10-2019,Single Family Residential,368 Country Club Dr,San Francisco,CA,94132,1615000,4,2.5,Lake Shore,1731,3881,1952,15,933,,Sold,,,http://www.redfin.com/CA/San-Francisco/368-Country-Club-Dr-94132/home/1672760,San Francisco MLS,481730,N,Y,37.7326206,-122.4949932
PAST SALE,March-1-2019,Single Family Residential,2936 Griffith St,San Francisco,CA,94124,1400000,4,3.0,Bayview,2165,2500,1991,55,647,,Sold,,,http://www.redfin.com/CA/San-Francisco/2936-Griffith-St-94124/home/2011454,San Francisco MLS,476651,N,Y,37.7166428,-122.3898952
PAST SALE,March-7-2019,Single Family Residential,417 Noriega St,San Francisco,CA,94122,1860000,4,3.0,Golden Gate Heights,2480,3075,1967,49,750,,Sold,,,http://www.redfin.com/CA/San-Francisco/417-Noriega-St-94122/home/642042,San Francisco MLS,480708,N,Y,37.7546001,-122.468241
PAST SALE,March-6-2019,Single Family Residential,737 Panorama Dr,San Francisco,CA,94131,1525000,3,2.0,Midtown Terrace,1305,4125,1958,50,1169,,Sold,,,http://www.redfin.com/CA/San-Francisco/737-Panorama-Dr-94131/home/1782605,San Francisco MLS,480784,N,Y,37.7532329,-122.453823
PAST SALE,January-25-2019,Single Family Residential,266 Harvard St,San Francisco,CA,94134,1210000,3,2.0,Portola,1599,1799,1924,90,757,,Sold,,,http://www.redfin.com/CA/San-Francisco/266-Harvard-St-94134/home/1534555,San Francisco MLS,479147,N,Y,37.726164,-122.4206451
PAST SALE,February-22-2019,Single Family Residential,2424 Larkin St,San Francisco,CA,94109,3600000,3,3.0,Russian Hill,2615,2283,1924,62,1377,,Sold,,,http://www.redfin.com/CA/San-Francisco/2424-Larkin-St-94109/unit-L000/home/978345,San Francisco MLS,481010,N,Y,37.800334,-122.420673
PAST SALE,April-8-2019,Single Family Residential,22 Moore Pl,San Francisco,CA,94109,4400000,3,3.0,Russian Hill,2410,1200,1922,17,1826,,Sold,,,http://www.redfin.com/CA/San-Francisco/22-Moore-Pl-94109/home/160884442,San Francisco MLS,482957,N,Y,37.7993873,-122.4203015
PAST SALE,February-21-2019,Single Family Residential,2019 Webster St,San Francisco,CA,94115,2250000,5,2.5,Pacific Heights,2094,2012,1900,63,1074,,Sold,,,http://www.redfin.com/CA/San-Francisco/2019-Webster-St-94115/home/1617772,San Francisco MLS,475726,N,Y,37.7897561,-122.4325351
PAST SALE,March-18-2019,Single Family Residential,406 Sanchez St,San Francisco,CA,94114,2700000,3,2.0,Eureka Valley/Dolore,1499,2500,1885,38,1801,,Sold,,,http://www.redfin.com/CA/San-Francisco/406-Sanchez-St-94114/home/2013977,San Francisco MLS,481601,N,Y,37.762406,-122.4309093
PAST SALE,April-8-2019,Single Family Residential,2457 Scott,San Francisco,CA,94115,6200000,6,6.25,Pacific Heights,5876,,1901,17,1055,,Sold,,,http://www.redfin.com/CA/San-Francisco/2457-Scott-St-94115/home/1136305,San Francisco MLS,480433,N,Y,37.7924226,-122.4398011
PAST SALE,February-21-2019,Single Family Residential,800 Carolina St,San Francisco,CA,94107,2200000,3,2.0,Potrero Hill,,,,63,,,Sold,,,http://www.redfin.com/CA/San-Francisco/800-Carolina-St-94107/home/732158,San Francisco MLS,480583,N,Y,37.7585266,-122.4002908
PAST SALE,February-25-2019,Single Family Residential,870 Kansas St,San Francisco,CA,94107,2450000,4,3.0,Potrero Hill,,2500,,59,,,Sold,,,http://www.redfin.com/CA/San-Francisco/870-Kansas-St-94107/home/1264073,San Francisco MLS,481809,N,Y,37.7585566,-122.4033442
PAST SALE,March-22-2019,Single Family Residential,862 Wisconsin St,San Francisco,CA,94107,2225000,4,2.0,Potrero Hill,2485,2500,1900,34,895,,Sold,,,http://www.redfin.com/CA/San-Francisco/862-Wisconsin-St-94107/home/1906164,San Francisco MLS,481057,N,Y,37.7564223,-122.3991402
PAST SALE,April-25-2019,Single Family Residential,10 Presidio Ter,San Francisco,CA,94118,9900000,5,4.0,Presidio Heights,5870,8108,1909,1,1687,,Sold,,,http://www.redfin.com/CA/San-Francisco/10-Presidio-Ter-94118/home/1499677,San Francisco MLS,483593,N,Y,37.7890233,-122.4614745
PAST SALE,February-8-2019,Single Family Residential,611 Campbell Ave,San Francisco,CA,94134,927500,3,2.0,Visitacion Valley,1020,1873,1952,76,909,,Sold,,,http://www.redfin.com/CA/San-Francisco/611-Campbell-Ave-94134/home/785344,San Francisco MLS,479454,N,Y,37.7157661,-122.4086874
PAST SALE,March-11-2019,Single Family Residential,2610 47th Ave,San Francisco,CA,94116,1150000,3,2.0,Outer Parkside,,,1944,45,,,Sold,,,http://www.redfin.com/CA/San-Francisco/2610-47th-Ave-94116/home/1943838,San Francisco MLS,481038,N,Y,37.7377403,-122.505216
PAST SALE,April-4-2019,Single Family Residential,2067 42nd Ave,San Francisco,CA,94116,1400000,4,2.0,Outer Parkside,1617,3000,1947,21,866,,Sold,,,http://www.redfin.com/CA/San-Francisco/2067-42nd-Ave-94116/home/1894832,San Francisco MLS,482219,N,Y,37.7481804,-122.5009949
PAST SALE,February-15-2019,Single Family Residential,3242 Washington St,San Francisco,CA,94115,4450000,6,4.5,Pacific Heights,5170,3502,1893,69,861,,Sold,,,http://www.redfin.com/CA/San-Francisco/3242-Washington-St-94115/home/588415,San Francisco MLS,476956,N,Y,37.7902848,-122.4467459
PAST SALE,April-9-2019,Single Family Residential,3367 Washington St,San Francisco,CA,94118,8000000,5,4.5,Presidio Heights,5817,3502,1902,16,1375,,Sold,,,http://www.redfin.com/CA/San-Francisco/3367-Washington-St-94118/home/1898846,San Francisco MLS,479833,N,Y,37.789584,-122.4483273
PAST SALE,April-24-2019,Single Family Residential,730 Cabrillo St,San Francisco,CA,94118,3175000,4,4.5,Inner Richmond,2977,2596,1900,1,1067,,Sold,,,http://www.redfin.com/CA/San-Francisco/730-Cabrillo-St-94118/home/1341894,San Francisco MLS,482705,N,Y,37.775494,-122.466565
PAST SALE,February-21-2019,Single Family Residential,136 Stonecrest Dr,San Francisco,CA,94132,1860000,3,2.0,Lakeside,2285,6629,1953,63,814,,Sold,,,http://www.redfin.com/CA/San-Francisco/136-Stonecrest-Dr-94132/home/837207,San Francisco MLS,480030,N,Y,37.7280499,-122.4743659
PAST SALE,March-5-2019,Single Family Residential,535 Urbano Dr,San Francisco,CA,94127,1898000,4,2.0,Ingleside Terrace,2375,5998,1923,51,799,,Sold,,,http://www.redfin.com/CA/San-Francisco/535-Urbano-Dr-94127/home/1085344,San Francisco MLS,480902,N,Y,37.7235628,-122.4668701
PAST SALE,April-17-2019,Single Family Residential,425 Monticello St,San Francisco,CA,94127,1840000,4,2.5,Ingleside Terr,3105,6000,1924,8,593,0,Sold,,,http://www.redfin.com/CA/San-Francisco/425-Monticello-St-94127/home/1972143,Bridge MLS,40857068,N,Y,37.7221882,-122.4708502
PAST SALE,April-23-2019,Single Family Residential,19 Pinehurst Way,San Francisco,CA,94127,1650000,3,4.0,Mount Davidson Manor,3100,3384,1928,2,532,,Sold,,,http://www.redfin.com/CA/San-Francisco/19-Pinehurst-Way-94127/home/1855060,San Francisco MLS,482344,N,Y,37.727251,-122.4658971
PAST SALE,April-3-2019,Single Family Residential,7 Winfield St,San Francisco,CA,94110,1412000,3,2.0,Bernal Heights,1547,1751,1916,22,913,,Sold,,,http://www.redfin.com/CA/San-Francisco/7-Winfield-St-94110/home/1122330,San Francisco MLS,480481,N,Y,37.7451393,-122.4167405
PAST SALE,April-24-2019,Single Family Residential,135 Sea Cliff Ave,San Francisco,CA,94121,5500000,3,3.0,Sea Cliff,3085,3500,1961,1,1783,,Sold,,,http://www.redfin.com/CA/San-Francisco/135-Sea-Cliff-Ave-94121/home/1969272,San Francisco MLS,482947,N,Y,37.7885245,-122.4874767
PAST SALE,February-8-2019,Single Family Residential,320 Sea Cliff Ave,San Francisco,CA,94121,11700000,4,4.5,Sea Cliff,5200,6973,1926,76,2250,,Sold,,,http://www.redfin.com/CA/San-Francisco/320-Sea-Cliff-Ave-94121/home/1278694,San Francisco MLS,472538,N,Y,37.7883364,-122.489776
PAST SALE,February-20-2019,Single Family Residential,643 33rd Ave,San Francisco,CA,94121,2100000,4,2.5,Outer Richmond,,,,64,,,Sold,,,http://www.redfin.com/CA/San-Francisco/643-33rd-Ave-94121/home/2021234,San Francisco MLS,480195,N,Y,37.7769526,-122.4933043
PAST SALE,March-20-2019,Single Family Residential,495 12th Ave,San Francisco,CA,94118,3000000,5,4.5,Inner Richmond,3090,3371,1916,36,971,,Sold,,,http://www.redfin.com/CA/San-Francisco/495-12th-Ave-94118/home/1385270,San Francisco MLS,480592,N,Y,37.7790037,-122.4708305
PAST SALE,March-22-2019,Single Family Residential,466 32nd Ave,San Francisco,CA,94121,2150000,3,2.5,Central Richmond,1953,3000,1921,34,1101,,Sold,,,http://www.redfin.com/CA/San-Francisco/466-32nd-Ave-94121/home/1051345,San Francisco MLS,481013,N,Y,37.7804476,-122.4920751
PAST SALE,April-2-2019,Single Family Residential,254 11th Ave,San Francisco,CA,94118,3380000,4,3.5,Inner Richmond,2800,3000,1902,23,1207,,Sold,,,http://www.redfin.com/CA/San-Francisco/254-11th-Ave-94118/home/1128325,San Francisco MLS,482075,N,Y,37.7835457,-122.469623
PAST SALE,April-3-2019,Single Family Residential,353 31st Ave,San Francisco,CA,94121,2220000,4,2.5,Central Richmond,2689,4011,1916,22,826,,Sold,,,http://www.redfin.com/CA/San-Francisco/353-31st-Ave-94121/home/606607,San Francisco MLS,481044,N,Y,37.7825634,-122.4915777
PAST SALE,March-20-2019,Single Family Residential,3607 Market St,San Francisco,CA,94131,1500000,3,2.0,Twin Peaks,2353,2722,1929,36,637,,Sold,,,http://www.redfin.com/CA/San-Francisco/3607-Market-St-94131/home/1073030,Bridge MLS,40850892,N,Y,37.756033,-122.4407226
PAST SALE,April-1-2019,Single Family Residential,1222 Shafter Ave,San Francisco,CA,94124,1015000,5,2.5,Bayview,1990,3750,1919,24,510,,Sold,,,http://www.redfin.com/CA/San-Francisco/1222-Shafter-Ave-94124/home/1605692,San Francisco MLS,481981,N,Y,37.7271972,-122.3835951
PAST SALE,April-12-2019,Single Family Residential,33 Samoset St,San Francisco,CA,94110,1760000,3,2.0,Bernal Heights,,1746,1949,13,,,Sold,,,http://www.redfin.com/CA/San-Francisco/33-Samoset-St-94110/home/1479737,San Francisco MLS,482358,N,Y,37.7444194,-122.4083888
PAST SALE,April-16-2019,Single Family Residential,1451 Oakdale Ave,San Francisco,CA,94124,1450000,4,4.0,Bayview,2193,2500,1964,9,661,,Sold,,,http://www.redfin.com/CA/San-Francisco/1451-Oakdale-Ave-94124/home/1203782,San Francisco MLS,481988,N,Y,37.7329122,-122.3877096
PAST SALE,January-31-2019,Single Family Residential,145 Brewster St,San Francisco,CA,94110,1540000,5,3.0,Bernal Heights,2268,1751,1915,84,679,,Sold,,,http://www.redfin.com/CA/San-Francisco/145-Brewster-St-94110/home/1371114,San Francisco MLS,480544,N,Y,37.7444766,-122.4069111
PAST SALE,March-8-2019,Single Family Residential,765 Vermont St,San Francisco,CA,94107,3050000,4,3.0,Potrero Hill,2102,2596,1929,48,1451,,Sold,,,http://www.redfin.com/CA/San-Francisco/765-Vermont-St-94107/home/1510524,San Francisco MLS,481050,N,Y,37.7600218,-122.4037867
PAST SALE,March-22-2019,Single Family Residential,51 Somerset St,SAN FRANCISCO,CA,94134,1680000,4,2.5,SAN FRANCISCO,2081,3497,1949,34,807,,Sold,,,http://www.redfin.com/CA/San-Francisco/51-Somerset-St-94134/home/1759976,MLSListings,ML81738156,N,Y,37.7306951,-122.4090525
PAST SALE,March-26-2019,Single Family Residential,433 Princeton St,San Francisco,CA,94134,1200000,3,2.0,Portola,1226,3000,1949,30,979,,Sold,,,http://www.redfin.com/CA/San-Francisco/433-Princeton-St-94134/home/776494,San Francisco MLS,481471,N,Y,37.7244083,-122.4140857
PAST SALE,March-11-2019,Single Family Residential,2038 20th Ave,SAN FRANCISCO,CA,94116,2100000,4,4.5,SAN FRANCISCO,2246,3000,1929,45,935,,Sold,,,http://www.redfin.com/CA/San-Francisco/2038-20th-Ave-94116/home/648174,MLSListings,ML81738369,N,Y,37.7497192,-122.476986
PAST SALE,March-15-2019,Single Family Residential,94 Midcrest Way,San Francisco,CA,94131,1250000,3,2.0,Midtown Terrace,1350,3955,1953,41,926,,Sold,,,http://www.redfin.com/CA/San-Francisco/94-Midcrest-Way-94131/home/1975910,San Francisco MLS,479326,N,Y,37.7483822,-122.4489907
PAST SALE,March-26-2019,Single Family Residential,1083 Pacheco St,San Francisco,CA,94116,2850000,4,4.0,Golden Gate Heights,2795,3236,1966,30,1020,,Sold,,,http://www.redfin.com/CA/San-Francisco/1083-Pacheco-St-94116/home/981999,San Francisco MLS,480032,N,Y,37.7511217,-122.4715578
PAST SALE,March-27-2019,Single Family Residential,2014 17th Ave,San Francisco,CA,94116,1575000,3,2.0,Inner Parkside,1728,2800,1928,29,911,,Sold,,,http://www.redfin.com/CA/San-Francisco/2014-17th-Ave-94116/home/972037,San Francisco MLS,481231,N,Y,37.7502467,-122.4738242
PAST SALE,February-21-2019,Single Family Residential,2611 Divisadero St,San Francisco,CA,94123,4380000,4,5.5,Pacific Heights,3952,1546,1906,63,1108,,Sold,,,http://www.redfin.com/CA/San-Francisco/2611-Divisadero-St-94123/home/990676,San Francisco MLS,480582,N,Y,37.7938428,-122.4418359
PAST SALE,March-15-2019,Single Family Residential,2536 Greenwich St,San Francisco,CA,94123,8455000,4,6.5,Cow Hollow,6016,4222,1993,41,1405,,Sold,,,http://www.redfin.com/CA/San-Francisco/2536-Greenwich-St-94123/home/582371,San Francisco MLS,480274,N,Y,37.7984402,-122.4415263
PAST SALE,April-5-2019,Single Family Residential,2900 Vallejo,San Francisco,CA,94123,27000000,6,8.5,Pacific Heights,9702,,,20,2783,,Sold,,,http://www.redfin.com/CA/San-Francisco/2900-Vallejo-St-94123/home/1832686,San Francisco MLS,480963,N,Y,37.794171,-122.445242
PAST SALE,February-7-2019,Single Family Residential,417 30th St,San Francisco,CA,94131,4100000,3,3.5,Noe Valley,,,,77,,,Sold,,,http://www.redfin.com/CA/San-Francisco/417-30th-St-94131/home/1753059,San Francisco MLS,480018,N,Y,37.7417617,-122.4297592
PAST SALE,February-21-2019,Single Family Residential,491 27th St,San Francisco,CA,94131,2275000,3,3.0,Noe Valley,2129,2313,1913,63,1069,,Sold,,,http://www.redfin.com/CA/San-Francisco/491-27th-St-94131/home/1891042,San Francisco MLS,480766,N,Y,37.7464663,-122.4310752
PAST SALE,March-18-2019,Single Family Residential,3825 19th St,San Francisco,CA,94114,3500000,4,3.0,Eureka Valley/Dolore,2360,3210,1956,38,1483,,Sold,,,http://www.redfin.com/CA/San-Francisco/3825-19th-St-94114/home/896101,San Francisco MLS,480651,N,Y,37.7595153,-122.4290512
PAST SALE,March-20-2019,Single Family Residential,4148 26th St,San Francisco,CA,94131,2020000,3,2.0,Noe Valley,1430,3419,1912,36,1413,,Sold,,,http://www.redfin.com/CA/San-Francisco/4148-26th-St-94131/home/1257273,San Francisco MLS,480961,N,Y,37.748407,-122.432673
PAST SALE,March-29-2019,Single Family Residential,266 Bemis St,San Francisco,CA,94131,1725000,3,2.5,Glen Park,2198,2700,1987,27,785,,Sold,,,http://www.redfin.com/CA/San-Francisco/266-Bemis-St-94131/home/844957,San Francisco MLS,476434,N,Y,37.7363198,-122.4321922
PAST SALE,April-9-2019,Single Family Residential,757 Athens,San Francisco,CA,94112,925000,3,2.0,Excelsior,1632,2495,1954,16,567,,Sold,,,http://www.redfin.com/CA/San-Francisco/757-Athens-St-94112/home/789901,San Francisco MLS,481179,N,Y,37.7160213,-122.4324023
PAST SALE,April-22-2019,Single Family Residential,1261 Sanchez St,San Francisco,CA,94114,3212000,3,3.5,Noe Valley,2524,1999,1905,3,1273,,Sold,,,http://www.redfin.com/CA/San-Francisco/1261-Sanchez-St-94114/home/1760516,San Francisco MLS,482832,N,Y,37.7489277,-122.4290954
PAST SALE,March-9-2019,Single Family Residential,45 Glover St,San Francisco,CA,94109,5600000,4,3.5,Russian Hill,3225,1376,1910,47,1736,,Sold,,,http://www.redfin.com/CA/San-Francisco/45-Glover-St-94109/home/1707168,San Francisco MLS,480228,N,Y,37.7970761,-122.4160879
PAST SALE,February-12-2019,Single Family Residential,160 Los Palmos Dr,San Francisco,CA,94127,1550000,3,2.0,Miraloma Park,1403,2609,1960,72,1105,,Sold,,,http://www.redfin.com/CA/San-Francisco/160-Los-Palmos-Dr-94127/home/1254693,San Francisco MLS,480159,N,Y,37.7360614,-122.4479513
PAST SALE,January-30-2019,Single Family Residential,867 Foerster St,San Francisco,CA,94127,1875000,5,3.5,Miraloma Park,2966,2644,1984,85,632,,Sold,,,http://www.redfin.com/CA/San-Francisco/867-Foerster-St-94127/home/1263273,San Francisco MLS,478038,N,Y,37.7364668,-122.4474205
PAST SALE,March-29-2019,Single Family Residential,125 Curtis St,San Francisco,CA,94112,1500000,3,2.5,Crocker Amazon,1775,2996,1925,27,845,,Sold,,,http://www.redfin.com/CA/San-Francisco/125-Curtis-St-94112/home/796297,San Francisco MLS,481714,N,Y,37.7126283,-122.439226
PAST SALE,April-3-2019,Single Family Residential,193 Foote Ave,San Francisco,CA,94112,1530000,4,4.0,Outer Mission,2060,2077,1929,22,743,,Sold,,,http://www.redfin.com/CA/San-Francisco/193-Foote-Ave-94112/home/1880348,San Francisco MLS,481544,N,Y,37.7139556,-122.4466575
PAST SALE,April-8-2019,Single Family Residential,849 Paris St,San Francisco,CA,94112,1700000,5,3.0,Excelsior,1998,2504,1922,17,851,,Sold,,,http://www.redfin.com/CA/San-Francisco/849-Paris-St-94112/home/1232864,San Francisco MLS,481732,N,Y,37.7159635,-122.4389495
PAST SALE,April-8-2019,Single Family Residential,2324 Pacific Ave,San Francisco,CA,94115,14000000,8,8.5,Pacific Heights,11328,4903,1906,17,1236,,Sold,,,http://www.redfin.com/CA/San-Francisco/2324-Pacific-Ave-94115/home/566925,San Francisco MLS,483123,N,Y,37.793735,-122.433645
PAST SALE,March-25-2019,Single Family Residential,1525 Willard St,San Francisco,CA,94117,2375000,3,2.0,Parnassus/Ashbury Heights,2300,3000,1924,31,1033,,Sold,,,http://www.redfin.com/CA/San-Francisco/1525-Willard-St-94117/home/1905258,San Francisco MLS,480449,N,Y,37.7623419,-122.4542211
PAST SALE,February-26-2019,Single Family Residential,525 28th St,San Francisco,CA,94131,4200000,4,4.5,Noe Valley,3551,2848,1910,58,1183,,Sold,,,http://www.redfin.com/CA/San-Francisco/525-28th-St-94131/home/1592318,San Francisco MLS,477494,N,Y,37.7447179,-122.4341023
PAST SALE,March-18-2019,Single Family Residential,545 Liberty St,San Francisco,CA,94114,4100000,4,3.0,Eureka Valley/Dolore,3115,2850,1897,38,1316,,Sold,,,http://www.redfin.com/CA/San-Francisco/545-Liberty-St-94114/home/1878880,San Francisco MLS,481976,N,Y,37.7567534,-122.4334309
PAST SALE,March-22-2019,Single Family Residential,80 Wilmot St,San Francisco,CA,94115,3650000,3,2.5,Lower Pacific Height,,,1994,34,,,Sold,,,http://www.redfin.com/CA/San-Francisco/80-Wilmot-St-94115/home/1079007,San Francisco MLS,480194,N,Y,37.7876372,-122.4331323
PAST SALE,April-12-2019,Single Family Residential,125 Brompton Ave,San Francisco,CA,94131,1717125,3,2.0,Glen Park,1440,2495,1910,13,1192,,Sold,,,http://www.redfin.com/CA/San-Francisco/125-Brompton-Ave-94131/home/1520472,San Francisco MLS,482385,N,Y,37.733244,-122.434877
PAST SALE,April-19-2019,Single Family Residential,2385 Bush St,San Francisco,CA,94115,3637000,3,3.5,Lower Pacific Height,2928,,,6,1242,,Sold,,,http://www.redfin.com/CA/San-Francisco/2385-Bush-St-94115/home/1180946,San Francisco MLS,482003,N,Y,37.7864239,-122.436497
PAST SALE,April-19-2019,Single Family Residential,4135 21st St,San Francisco,CA,94114,2600000,3,3.0,Eureka Valley/Dolore,1823,2609,1960,6,1426,,Sold,,,http://www.redfin.com/CA/San-Francisco/4135-21st-St-94114/home/676965,San Francisco MLS,483238,N,Y,37.7557482,-122.4373538
PAST SALE,April-19-2019,Single Family Residential,631 Cayuga Ave,San Francisco,CA,94112,1515000,4,2.0,Mission Terrace,2060,2613,1936,6,735,,Sold,,,http://www.redfin.com/CA/San-Francisco/631-Cayuga-Ave-94112/home/1559877,San Francisco MLS,482204,N,Y,37.7280423,-122.4360078
PAST SALE,February-26-2019,Single Family Residential,394 Cresta Vista Dr,San Francisco,CA,94127,1525000,3,2.0,Miraloma Park,1250,3484,1959,58,1220,,Sold,,,http://www.redfin.com/CA/San-Francisco/394-Cresta-Vista-Dr-94127/home/1343722,San Francisco MLS,480748,N,Y,37.7359174,-122.4516557
PAST SALE,March-22-2019,Single Family Residential,183 Robinhood Dr,San Francisco,CA,94127,1715000,3,3.0,Sherwood Forest,1887,3824,1951,34,909,,Sold,,,http://www.redfin.com/CA/San-Francisco/183-Robinhood-Dr-94127/home/1596988,San Francisco MLS,480769,N,Y,37.7367417,-122.4546634
PAST SALE,February-8-2019,Single Family Residential,51 Avila St,San Francisco,CA,94123,5445000,4,3.5,Marina,3375,2500,1924,76,1613,,Sold,,,http://www.redfin.com/CA/San-Francisco/51-Avila-St-94123/home/979117,San Francisco MLS,480200,N,Y,37.8009447,-122.4406418
PAST SALE,March-22-2019,Single Family Residential,3039-3041 Baker St,San Francisco,CA,94123,3350000,4,4.0,Cow Hollow,,3162,1924,34,,,Sold,,,http://www.redfin.com/CA/San-Francisco/3039-Baker-St-94123/home/148750003,San Francisco MLS,480332,N,Y,37.7991782,-122.4462594
PAST SALE,March-4-2019,Single Family Residential,3430 Kirkham St,San Francisco,CA,94122,1700000,3,2.0,Outer Sunset,1987,2495,1937,52,856,,Sold,,,http://www.redfin.com/CA/San-Francisco/3430-Kirkham-St-94122/home/633769,San Francisco MLS,480842,N,Y,37.7591042,-122.4978228
PAST SALE,February-5-2019,Single Family Residential,210 Casitas Ave,San Francisco,CA,94127,3100000,5,5.0,Sherwood Forest,4315,6412,1931,79,718,,Sold,,,http://www.redfin.com/CA/San-Francisco/210-Casitas-Ave-94127/home/1395331,San Francisco MLS,476131,N,Y,37.7376334,-122.4606563
PAST SALE,February-8-2019,Single Family Residential,2 Allston Way,San Francisco,CA,94127,2121000,3,2.5,West Portal,,3371,1923,76,,,Sold,,,http://www.redfin.com/CA/San-Francisco/2-Allston-Way-94127/home/1156784,San Francisco MLS,480238,N,Y,37.7409435,-122.4616957
PAST SALE,March-12-2019,Single Family Residential,899 Urbano Dr,San Francisco,CA,94127,1815000,3,2.0,Ingleside Terrace,2647,5797,1923,44,686,,Sold,,,http://www.redfin.com/CA/San-Francisco/899-Urbano-Dr-94127/home/1769377,San Francisco MLS,480524,N,Y,37.7242626,-122.463509
PAST SALE,March-22-2019,Single Family Residential,1050 Monterey Blvd,San Francisco,CA,94127,1550000,3,2.0,Monterey Heights,1850,4159,1929,34,838,,Sold,,,http://www.redfin.com/CA/San-Francisco/1050-Monterey-Blvd-94127/home/695769,San Francisco MLS,480674,N,Y,37.7309139,-122.4599266
PAST SALE,April-3-2019,Single Family Residential,1001 Ulloa St,San Francisco,CA,94127,2810000,5,3.0,West Portal,2995,3563,1926,22,938,,Sold,,,http://www.redfin.com/CA/San-Francisco/1001-Ulloa-St-94127/home/1582049,San Francisco MLS,480360,N,Y,37.7412216,-122.4669585
PAST SALE,April-11-2019,Single Family Residential,1150 Holloway Ave,San Francisco,CA,94132,1950000,3,2.0,Ingleside Terrace,2910,5736,1923,14,670,,Sold,,,http://www.redfin.com/CA/San-Francisco/1150-Holloway-Ave-94132/home/815197,San Francisco MLS,481573,N,Y,37.7218109,-122.467843
PAST SALE,April-19-2019,Single Family Residential,115 Pacheco St,San Francisco,CA,94116,2000000,3,2.5,Forest Hill,2328,4987,1927,6,859,,Sold,,,http://www.redfin.com/CA/San-Francisco/115-Pacheco-St-94116/home/1201821,San Francisco MLS,481531,N,Y,37.7456308,-122.4618284
PAST SALE,January-25-2019,Single Family Residential,1337 Vicente St,San Francisco,CA,94116,1295000,3,2.0,Parkside,1667,1875,1947,90,777,,Sold,,,http://www.redfin.com/CA/San-Francisco/1337-Vicente-St-94116/home/1636966,San Francisco MLS,476308,N,Y,37.738847,-122.481438
PAST SALE,January-29-2019,Single Family Residential,1667 32nd Ave,San Francisco,CA,94122,1730000,3,3.0,Central Sunset,2009,2996,1935,86,861,,Sold,,,http://www.redfin.com/CA/San-Francisco/1667-32nd-Ave-94122/home/1342461,San Francisco MLS,476557,N,Y,37.756105,-122.4908039
PAST SALE,February-22-2019,Single Family Residential,2437 Ortega St,San Francisco,CA,94122,1480000,4,3.0,Central Sunset,,1873,1942,62,,,Sold,,,http://www.redfin.com/CA/San-Francisco/2437-Ortega-St-94122/home/645562,San Francisco MLS,479963,N,Y,37.7516216,-122.4898644
PAST SALE,March-15-2019,Single Family Residential,2507 30th Ave,San Francisco,CA,94116,1549000,3,3.0,Parkside,2027,2374,1927,41,764,,Sold,,,http://www.redfin.com/CA/San-Francisco/2507-30th-Ave-94116/home/1741144,San Francisco MLS,479592,N,Y,37.7404432,-122.4876094
PAST SALE,April-12-2019,Single Family Residential,2614 26th Ave,San Francisco,CA,94116,2000000,3,3.0,Parkside,2026,2374,1936,13,987,,Sold,,,http://www.redfin.com/CA/San-Francisco/2614-26th-Ave-94116/home/2018943,San Francisco MLS,482244,N,Y,37.738657,-122.482624
PAST SALE,April-10-2019,Single Family Residential,1727 31st Ave,SAN FRANCISCO,CA,94122,1610000,3,2.0,SAN FRANCISCO,1800,3000,1940,15,894,,Sold,,,http://www.redfin.com/CA/San-Francisco/1727-31st-Ave-94122/home/1173929,MLSListings,ML81741910,N,Y,37.7549885,-122.4896875
PAST SALE,March-27-2019,Single Family Residential,9 Ord St,San Francisco,CA,94114,2900000,3,2.5,Corona Heights,2120,1764,1912,29,1368,,Sold,,,http://www.redfin.com/CA/San-Francisco/9-Ord-St-94114/home/1782442,San Francisco MLS,481328,N,Y,37.7634316,-122.4400584
PAST SALE,February-12-2019,Single Family Residential,234 6th Ave,San Francisco,CA,94118,1575000,3,2.0,Inner Richmond,2600,3000,1902,72,606,,Sold,,,http://www.redfin.com/CA/San-Francisco/234-6th-Ave-94118/home/609040,San Francisco MLS,476925,N,Y,37.784131,-122.464178
PAST SALE,March-22-2019,Single Family Residential,136 3rd Ave,San Francisco,CA,94118,4045000,4,3.5,Lake,3561,3000,,34,1136,,Sold,,,http://www.redfin.com/CA/San-Francisco/136-3rd-Ave-94118/home/602785,San Francisco MLS,474429,N,Y,37.7860814,-122.4611207
PAST SALE,February-11-2019,Single Family Residential,938 Ingerson Ave,San Francisco,CA,94124,825000,5,2.5,Bayview,1475,2495,1958,73,559,,Sold,,,http://www.redfin.com/CA/San-Francisco/938-Ingerson-Ave-94124/home/745584,San Francisco MLS,479667,N,Y,37.7186113,-122.3917497
PAST SALE,March-26-2019,Single Family Residential,116 Stanyan St,San Francisco,CA,94118,2051000,4,3.0,Lone Mountain,2666,2465,1936,30,769,,Sold,,,http://www.redfin.com/CA/San-Francisco/116-Stanyan-St-94118/home/1189257,San Francisco MLS,480508,N,Y,37.7795816,-122.4552826
PAST SALE,March-14-2019,Single Family Residential,44 Vasquez Ave,San Francisco,CA,94127,2165000,5,3.0,Forest Hill Extension,3585,4991,1929,42,604,,Sold,,,http://www.redfin.com/CA/San-Francisco/44-Vasquez-Ave-94127/home/1377664,San Francisco MLS,479593,N,Y,37.746002,-122.4586882
PAST SALE,February-19-2019,Single Family Residential,193 Marietta Dr,San Francisco,CA,94127,1475000,3,4.0,Miraloma Park,1928,,1956,65,765,,Sold,,,http://www.redfin.com/CA/San-Francisco/193-Marietta-Dr-94127/home/684829,San Francisco MLS,475261,N,Y,37.7402827,-122.4463036
PAST SALE,April-11-2019,Single Family Residential,2251 35th,San Francisco,CA,94116,1328000,4,2.0,Parkside,1890,2063,1940,14,703,,Sold,,,http://www.redfin.com/CA/San-Francisco/2251-35th-Ave-94116/home/1556877,San Francisco MLS,480694,N,Y,37.74505,-122.4933131
PAST SALE,April-15-2019,Single Family Residential,2250 34th Ave,San Francisco,CA,94116,2050000,4,3.0,Parkside,2289,3000,1938,10,896,,Sold,,,http://www.redfin.com/CA/San-Francisco/2250-34th-Ave-94116/home/1120036,San Francisco MLS,482781,N,Y,37.7451136,-122.4916882
PAST SALE,April-17-2019,Single Family Residential,2617 31st Ave,San Francisco,CA,94116,1800000,4,3.0,Parkside,2100,2541,1936,8,857,,Sold,,,http://www.redfin.com/CA/San-Francisco/2617-31st-Ave-94116/home/1368966,San Francisco MLS,482143,N,Y,37.7384287,-122.4885238
PAST SALE,April-22-2019,Single Family Residential,2691 35th Ave,San Francisco,CA,94116,1900000,3,2.5,Parkside,2553,2382,1938,3,744,,Sold,,,http://www.redfin.com/CA/San-Francisco/2691-35th-Ave-94116/home/1517379,San Francisco MLS,482304,N,Y,37.7371754,-122.4928349
PAST SALE,January-25-2019,Single Family Residential,3311 Jackson St,San Francisco,CA,94118,5250000,3,2.5,Presidio Heights,,2495,1928,90,,,Sold,,,http://www.redfin.com/CA/San-Francisco/3311-Jackson-St-94118/home/1627455,San Francisco MLS,476111,N,Y,37.7903979,-122.4493999
PAST SALE,March-1-2019,Single Family Residential,2980 California,San Francisco,CA,94115,4995000,5,4.0,Pacific Heights,4638,2517,1900,55,1077,,Sold,,,http://www.redfin.com/CA/San-Francisco/2980-California-St-94115/home/589301,San Francisco MLS,480077,N,Y,37.7878851,-122.4434657
PAST SALE,March-20-2019,Single Family Residential,1330 Masonic Ave,San Francisco,CA,94117,2550000,4,2.0,Haight Ashbury,2256,3598,1891,36,1130,,Sold,,,http://www.redfin.com/CA/San-Francisco/1330-Masonic-Ave-94117/home/1818506,San Francisco MLS,481222,N,Y,37.7686801,-122.4447554
PAST SALE,February-1-2019,Single Family Residential,1858 11th Ave,San Francisco,CA,94122,3000000,4,3.5,Golden Gate Heights,2745,2996,1969,83,1093,,Sold,,,http://www.redfin.com/CA/San-Francisco/1858-11th-Ave-94122/home/1428051,San Francisco MLS,480257,N,Y,37.7535465,-122.4675224
PAST SALE,March-25-2019,Single Family Residential,250 Gaven St,San Francisco,CA,94134,1115000,4,3.0,Mission Terrace,1643,2996,1948,31,679,,Sold,,,http://www.redfin.com/CA/San-Francisco/250-Gaven-St-94134/home/1397087,Bridge MLS,40851828,N,Y,37.7329928,-122.4104242
PAST SALE,April-18-2019,Single Family Residential,44 Peralta Ave,San Francisco,CA,94110,1750000,3,2.0,Bernal Heights,2220,2935,1932,7,788,,Sold,,,http://www.redfin.com/CA/San-Francisco/44-Peralta-Ave-94110/home/1293346,San Francisco MLS,482330,N,Y,37.748226,-122.405738
PAST SALE,March-22-2019,Single Family Residential,1271 35th Ave,San Francisco,CA,94122,2050000,5,4.0,Central Sunset,2270,2996,1924,34,903,,Sold,,,http://www.redfin.com/CA/San-Francisco/1271-35th-Ave-94122/home/626663,San Francisco MLS,481452,N,Y,37.7633505,-122.4945511
PAST SALE,April-1-2019,Single Family Residential,1563 28th Ave,San Francisco,CA,94122,2050000,4,4.0,Central Sunset,3131,2996,1938,24,655,,Sold,,,http://www.redfin.com/CA/San-Francisco/1563-28th-Ave-94122/home/634795,San Francisco MLS,481234,N,Y,37.7582227,-122.4866809
PAST SALE,April-1-2019,Single Family Residential,1334 32nd Ave,San Francisco,CA,94122,1350000,3,2.0,San Francisco County,1800,130505760,1940,24,750,,Sold,,,http://www.redfin.com/CA/San-Francisco/1334-32nd-Ave-94122/home/1847480,BAREIS,21826732,N,Y,37.7622766,-122.4907929
PAST SALE,April-24-2019,Single Family Residential,1826 22nd Ave,San Francisco,CA,94122,1600000,4,3.5,Central Sunset,1851,2996,1940,1,864,,Sold,,,http://www.redfin.com/CA/San-Francisco/1826-22nd-Ave-94122/home/642288,San Francisco MLS,482315,N,Y,37.753558,-122.479321
PAST SALE,April-17-2019,Single Family Residential,1385 Portola Dr,San Francisco,CA,94127,2750000,3,2.0,St. Francis Wood,2409,6560,1927,8,1142,243,Sold,,,http://www.redfin.com/CA/San-Francisco/1385-Portola-Dr-94127/home/1212005,San Francisco MLS,481132,N,Y,37.7392747,-122.4655433
PAST SALE,February-7-2019,Single Family Residential,329 6th Ave,San Francisco,CA,94118,2250000,4,3.0,Inner Richmond,2586,2996,1903,77,870,,Sold,,,http://www.redfin.com/CA/San-Francisco/329-6th-Ave-94118/home/611743,San Francisco MLS,477889,N,Y,37.7819109,-122.4646036
PAST SALE,February-14-2019,Single Family Residential,111 6th Ave,San Francisco,CA,94118,2795000,4,2.0,Lake,2299,2874,1904,70,1216,,Sold,,,http://www.redfin.com/CA/San-Francisco/111-6th-Ave-94118/home/2015936,San Francisco MLS,479841,N,Y,37.7863844,-122.4649684
PAST SALE,March-5-2019,Single Family Residential,27 Commonwealth Ave,San Francisco,CA,94118,3950000,6,3.5,Jordan Park/Laurel Heights,3570,4000,1907,51,1106,,Sold,,,http://www.redfin.com/CA/San-Francisco/27-Commonwealth-Ave-94118/home/588670,San Francisco MLS,481101,N,Y,37.7854998,-122.4561229
PAST SALE,April-23-2019,Single Family Residential,2720 Anza St,San Francisco,CA,94121,2205000,3,2.0,Central Richmond,2126,2495,1940,2,1037,,Sold,,,http://www.redfin.com/CA/San-Francisco/2720-Anza-St-94121/home/1484569,San Francisco MLS,482208,N,Y,37.778733,-122.477562
PAST SALE,February-14-2019,Single Family Residential,23 Skyview Way,San Francisco,CA,94131,1250000,3,2.0,Midtown Terrace,1277,3005,1955,70,979,2,Sold,,,http://www.redfin.com/CA/San-Francisco/23-Skyview-Way-94131/home/1308418,San Francisco MLS,481746,N,Y,37.7493636,-122.4505499
PAST SALE,March-19-2019,Single Family Residential,1945 Franklin St,San Francisco,CA,94109,5405000,5,7.5,Pacific Heights,6957,3781,1900,37,777,,Sold,,,http://www.redfin.com/CA/San-Francisco/1945-Franklin-St-94109/home/1296405,San Francisco MLS,479995,N,Y,37.7925346,-122.424804
PAST SALE,April-18-2019,Single Family Residential,234 Edinburgh St,San Francisco,CA,94112,1350000,3,2.5,Excelsior,1699,2500,1922,7,795,,Sold,,,http://www.redfin.com/CA/San-Francisco/234-Edinburgh-St-94112/home/1301904,San Francisco MLS,482305,N,Y,37.7254108,-122.4290622
PAST SALE,February-26-2019,Single Family Residential,1447 Hudson Ave,San Francisco,CA,94124,1510000,4,3.0,Bayview,1986,2996,1939,58,760,,Sold,,,http://www.redfin.com/CA/San-Francisco/1447-Hudson-Ave-94124/home/748069,San Francisco MLS,480554,N,Y,37.738228,-122.385604
PAST SALE,March-20-2019,Single Family Residential,618 Andover St,San Francisco,CA,94110,980000,4,2.0,Bernal Heights,2250,2495,1907,36,436,,Sold,,,http://www.redfin.com/CA/San-Francisco/618-Andover-St-94110/home/1821663,San Francisco MLS,481166,N,Y,37.7360213,-122.4169617
PAST SALE,March-29-2019,Single Family Residential,506 Banks,San Francisco,CA,94110,2250000,3,2.0,Bernal Heights,,,,27,,,Sold,,,http://www.redfin.com/CA/San-Francisco/506-Banks-St-94110/home/1362522,San Francisco MLS,482815,N,Y,37.7368709,-122.4130459
PAST SALE,March-29-2019,Single Family Residential,649 Andover St,San Francisco,CA,94110,1380000,4,2.0,Bernal Heights,1618,1751,1926,27,853,,Sold,,,http://www.redfin.com/CA/San-Francisco/649-Andover-St-94110/home/1113918,San Francisco MLS,480788,N,Y,37.7354292,-122.4165856
PAST SALE,March-8-2019,Single Family Residential,411 Teresita Blvd,San Francisco,CA,94127,1500000,3,2.0,Miraloma Park,1250,2548,1939,48,1200,,Sold,,,http://www.redfin.com/CA/San-Francisco/411-Teresita-Blvd-94127/home/682864,San Francisco MLS,480328,N,Y,37.740708,-122.448711
PAST SALE,April-19-2019,Single Family Residential,15 Skyview Way,San Francisco,CA,94131,1661000,3,2.0,Midtown Terrace,,3214,1955,6,,,Sold,,,http://www.redfin.com/CA/San-Francisco/15-Skyview-Way-94131/home/1316481,San Francisco MLS,481821,N,Y,37.7491775,-122.4505499
PAST SALE,March-12-2019,Single Family Residential,574 18th Ave,San Francisco,CA,94121,2400000,3,2.5,Central Richmond,2050,3000,1916,44,1171,,Sold,,,http://www.redfin.com/CA/San-Francisco/574-18th-Ave-94121/home/2030972,San Francisco MLS,481058,N,Y,37.7771514,-122.4768202
PAST SALE,January-31-2019,Single Family Residential,10 Perine Pl,San Francisco,CA,94115,2750000,4,2.0,Pacific Heights,,,1900,84,,,Sold,,,http://www.redfin.com/CA/San-Francisco/10-Perine-Pl-94115/home/1642479,San Francisco MLS,471166,N,Y,37.7892069,-122.4360241
PAST SALE,April-19-2019,Single Family Residential,112 Mallorca Way,San Francisco,CA,94123,4845000,5,4.5,San Francisco County,4810,,1924,6,1007,,Sold,,,http://www.redfin.com/CA/San-Francisco/112-Mallorca-Way-94123/home/1845917,BAREIS,21901022,N,Y,37.801871,-122.437277
PAST SALE,April-23-2019,Single Family Residential,278 Mallorca Way,San Francisco,CA,94123,2750000,3,2.5,Marina,2175,,1925,2,1264,,Sold,,,http://www.redfin.com/CA/San-Francisco/278-Mallorca-Way-94123/home/1825016,San Francisco MLS,480398,N,Y,37.8035658,-122.4391376
PAST SALE,April-24-2019,Single Family Residential,2714 Pacific Ave,San Francisco,CA,94115,11900000,4,5.0,Pacific Heights,4930,3654,1914,1,2414,,Sold,,,http://www.redfin.com/CA/San-Francisco/2714-Pacific-Ave-94115/home/1340861,San Francisco MLS,483116,N,Y,37.7927555,-122.440359
PAST SALE,March-12-2019,Single Family Residential,2271 40th Ave,SAN FRANCISCO,CA,94116,1768500,4,4.0,SAN FRANCISCO,1775,2996,1948,44,996,,Sold,,,http://www.redfin.com/CA/San-Francisco/2271-40th-Ave-94116/home/1092387,MLSListings,ML81734796,N,Y,37.74447,-122.4985744
PAST SALE,March-27-2019,Single Family Residential,2007 47th Ave,San Francisco,CA,94116,1600000,3,2.0,Outer Parkside,1651,2060,1946,29,969,,Sold,,,http://www.redfin.com/CA/San-Francisco/2007-47th-Ave-94116/home/1900045,San Francisco MLS,481743,N,Y,37.7489654,-122.5064437
PAST SALE,April-24-2019,Single Family Residential,2275 45th Ave,San Francisco,CA,94116,1800000,3,2.5,Outer Parkside,2260,2996,1931,1,796,,Sold,,,http://www.redfin.com/CA/San-Francisco/2275-45th-Ave-94116/home/654687,San Francisco MLS,481845,N,Y,37.7441617,-122.5039595
PAST SALE,January-30-2019,Single Family Residential,368 Bradford St,San Francisco,CA,94110,1300000,4,3.0,Bernal Heights,1620,2099,1962,85,802,,Sold,,,http://www.redfin.com/CA/San-Francisco/368-Bradford-St-94110/home/1264728,San Francisco MLS,478360,N,Y,37.7372159,-122.4098932
PAST SALE,April-5-2019,Single Family Residential,27 Putnam,San Francisco,CA,94110,1425000,3,2.0,Bernal Heights,,,,20,,,Sold,,,http://www.redfin.com/CA/San-Francisco/27-Putnam-St-94110/home/1727401,San Francisco MLS,480577,N,Y,37.7393812,-122.4106344
PAST SALE,April-18-2019,Single Family Residential,398 Harkness Ave,San Francisco,CA,94134,1110000,3,2.0,Visitacion Valley,1305,1873,1960,7,851,,Sold,,,http://www.redfin.com/CA/San-Francisco/398-Harkness-Ave-94134/home/782252,San Francisco MLS,480478,N,Y,37.7181313,-122.4052028
PAST SALE,April-12-2019,Single Family Residential,809 Noriega St,San Francisco,CA,94122,1750000,4,4.0,Golden Gate Heig,2541,3924,1946,13,689,,Sold,,,http://www.redfin.com/CA/San-Francisco/809-Noriega-St-94122/home/1556554,Bridge MLS,40857155,N,Y,37.7544461,-122.4724865
PAST SALE,February-28-2019,Single Family Residential,160 Miraloma Dr,San Francisco,CA,94127,3650000,5,4.5,Monterey Heights,5274,9997,1926,56,692,2,Sold,,,http://www.redfin.com/CA/San-Francisco/160-Miraloma-Dr-94127/home/1369538,San Francisco MLS,480720,N,Y,37.7365846,-122.4613419
PAST SALE,March-18-2019,Single Family Residential,225 Edgehill Way,San Francisco,CA,94127,2185000,3,2.5,Forest Hill Extension,2346,3985,1948,38,931,,Sold,,,http://www.redfin.com/CA/San-Francisco/225-Edgehill-Way-94127/home/681994,San Francisco MLS,481122,N,Y,37.7433796,-122.4588319
PAST SALE,March-29-2019,Single Family Residential,130 Yerba Buena Ave,San Francisco,CA,94127,2220000,3,3.0,St. Francis Wood,2546,3519,1925,27,872,129,Sold,,,http://www.redfin.com/CA/San-Francisco/130-Yerba-Buena-Ave-94127/home/2004611,San Francisco MLS,481124,N,Y,37.7364776,-122.462536
PAST SALE,April-4-2019,Single Family Residential,525 Holloway Ave,SAN FRANCISCO,CA,94112,1450000,5,5.0,SAN FRANCISCO,2296,2500,1923,21,632,,Sold,,,http://www.redfin.com/CA/San-Francisco/525-Holloway-Ave-94112/home/996826,MLSListings,ML81731900,N,Y,37.7216561,-122.4586993
PAST SALE,April-9-2019,Single Family Residential,209 Crestmont Dr,San Francisco,CA,94131,1725000,3,2.0,Forest Knolls,1404,2629,1963,16,1229,,Sold,,,http://www.redfin.com/CA/San-Francisco/209-Crestmont-Dr-94131/home/2021755,San Francisco MLS,481932,N,Y,37.7562202,-122.4598381
PAST SALE,April-10-2019,Single Family Residential,534 Dewey Blvd,San Francisco,CA,94116,1750000,4,2.0,Forest Hill,2150,4399,1924,15,814,38,Sold,,,http://www.redfin.com/CA/San-Francisco/534-Dewey-Blvd-94116/home/2013565,San Francisco MLS,482856,N,Y,37.7449934,-122.4624475
PAST SALE,April-8-2019,Single Family Residential,250 Maywood Dr,San Francisco,CA,94127,2755000,4,3.0,Monterey Heights,3035,4146,1937,17,908,,Sold,,,http://www.redfin.com/CA/San-Francisco/250-Maywood-Dr-94127/home/1645460,San Francisco MLS,482030,N,Y,37.732261,-122.461961
PAST SALE,April-19-2019,Single Family Residential,60 Santa Rita Ave,San Francisco,CA,94116,2415000,3,2.5,Forest Hill,2156,3593,1940,6,1120,63,Sold,,,http://www.redfin.com/CA/San-Francisco/60-Santa-Rita-Ave-94116/home/1590298,San Francisco MLS,482025,N,Y,37.7475435,-122.4647141
PAST SALE,February-25-2019,Single Family Residential,1068 Gilman Ave,San Francisco,CA,94124,1096000,6,3.0,Bayview,2132,4100,1908,59,514,,Sold,,,http://www.redfin.com/CA/San-Francisco/1068-Gilman-Ave-94124/home/744295,San Francisco MLS,478851,N,Y,37.7191604,-122.3893051
PAST SALE,March-7-2019,Single Family Residential,3961 26th St,San Francisco,CA,94131,2350000,4,3.0,Noe Valley,2113,3112,1908,49,1112,,Sold,,,http://www.redfin.com/CA/San-Francisco/3961-26th-St-94131/home/2019939,San Francisco MLS,480960,N,Y,37.7481719,-122.428488
PAST SALE,March-22-2019,Single Family Residential,53 Florentine St,San Francisco,CA,94112,1140000,4,2.0,Crocker Amazon,1471,2247,1924,34,775,,Sold,,,http://www.redfin.com/CA/San-Francisco/53-Florentine-St-94112/home/795313,San Francisco MLS,481639,N,Y,37.7126159,-122.4433842
PAST SALE,April-11-2019,Single Family Residential,34 Wanda St,SAN FRANCISCO,CA,94112,1100000,3,2.0,SAN FRANCISCO,1495,2147,1913,14,736,,Sold,,,http://www.redfin.com/CA/San-Francisco/34-Wanda-St-94112/home/1440540,MLSListings,ML81732974,N,Y,37.7230402,-122.440343
PAST SALE,March-12-2019,Single Family Residential,479 Hoffman Ave,San Francisco,CA,94114,2400000,3,2.0,Noe Valley,1964,3123,1931,44,1222,,Sold,,,http://www.redfin.com/CA/San-Francisco/479-Hoffman-Ave-94114/home/888393,San Francisco MLS,480234,N,Y,37.7496941,-122.4402958
PAST SALE,February-28-2019,Single Family Residential,672 28th St,San Francisco,CA,94131,3000000,4,2.5,Noe Valley,2747,2848,1910,56,1092,,Sold,,,http://www.redfin.com/CA/San-Francisco/672-28th-St-94131/home/1584246,San Francisco MLS,480341,N,Y,37.744912,-122.437293
PAST SALE,March-5-2019,Single Family Residential,221 San Juan Ave,San Francisco,CA,94112,1300000,3,2.0,Mission Terrace,1270,2670,1936,51,1024,,Sold,,,http://www.redfin.com/CA/San-Francisco/221-San-Juan-Ave-94112/home/2036999,San Francisco MLS,480858,N,Y,37.725067,-122.4383855
PAST SALE,February-19-2019,Single Family Residential,250 Gates St,San Francisco,CA,94110,1800250,3,2.0,Bernal Heights,1384,1750,,65,1301,,Sold,,,http://www.redfin.com/CA/San-Francisco/250-Gates-St-94110/home/1064985,San Francisco MLS,480299,N,Y,37.739635,-122.414141
PAST SALE,February-4-2019,Single Family Residential,1043 Jamestown Ave,San Francisco,CA,94124,945000,3,2.0,San Francisco County,1360,2500,1967,80,695,,Sold,,,http://www.redfin.com/CA/San-Francisco/1043-Jamestown-Ave-94124/home/1166841,BAREIS,21820449,N,Y,37.7188281,-122.3945931
PAST SALE,April-9-2019,Single Family Residential,554 Anderson St,San Francisco,CA,94110,1830000,5,4.0,Bernal Heights,1900,,,16,963,,Sold,,,http://www.redfin.com/CA/San-Francisco/554-Anderson-St-94110/home/1167343,San Francisco MLS,481273,N,Y,37.7364801,-122.4155901
